{"ts":1684657736620,"data":{"lastSign":"bfalse","searchData":"o{\"sitesConfig\": [{\"type\": \"搜索\",\"icon\": \"search\",\"sites\": [{\"name\": \"知乎\",\"url\": \"https://www.zhihu.com/search?q=%s&type=content\"},{\"name\": \"bilibili\",\"url\": \"http://search.bilibili.com/all?keyword=%s\"},{\"name\": \"百度\",\"url\": \"https://www.baidu.com/s?wd=%s&ie=utf-8\",\"keywords\": \"wd|word\",\"match\": \"https://(www|m)\\\\.baidu\\\\.com/.*(wd|word)=\"},{\"name\": \"头条搜索\",\"url\": \"https://so.toutiao.com/search/?dvpf=%c&keyword=%s\"},{\"name\": \"必应\",\"url\": \"https://www.bing.com/search?q=%s\",\"match\": \"^https://(www|cn|global)\\\\.bing\\\\.com/search\"},{\"name\": \"360\",\"url\": \"https://www.so.com/s?ie=utf-8&q=%s\",\"match\": \"(www|m)\\\\.so\\\\.com/s\\\\?.*[&?]q=\"},{\"name\": \"搜狗\",\"url\": \"https://www.sogou.com/web?query=%s\",\"keywords\": \"query|keyword\",\"match\": \"(www|wap|m)\\\\.sogou\\\\.com/(web|web/searchList\\\\.jsp).*(query|keyword)=\"}]},{\"type\": \"翻译\",\"icon\": \"language\",\"sites\": [{\"name\": \"有道词典\",\"url\": \"http://dict.youdao.com/search?q=%s\",\"icon\": \"https://shared.ydstatic.com/images/favicon.ico\"},{\"name\": \"必应翻译\",\"url\": \"http://www.bing.com/dict/search?q=%s\"}]},{\"type\": \"网盘\",\"icon\": \"cloud-download\",\"sites\": [{\"name\": \"猫狸盘搜\",\"url\": \"https://www.alipansou.com/search?k=%s\"},{\"name\": \"大力盘\",\"url\": \"https://www.dalipan.com/search?keyword=%s\"},{\"name\": \"大圣盘\",\"url\": \"https://www.dashengpan.com/search?keyword=%s\"},{\"name\": \"百度网盘\",\"url\": \"https://pan.baidu.com/disk/main?#/search?key=%s\"}]},{\"type\": \"开发\",\"icon\": \"code\",\"sites\": [{\"name\": \"MDN\",\"url\": \"https://developer.mozilla.org/zh-CN/search?q=%s\"},{\"name\": \"stackoverflow\",\"url\": \"https://stackoverflow.com/search?q=%s\"},{\"name\": \"掘金\",\"url\": \"https://juejin.im/search?query=%s&type=all\"},{\"name\": \"Can I Use\",\"url\": \"http://caniuse.com/#search=%s\",\"icon\": \"https://caniuse.com/img/favicon-128.png\"},{\"name\": \"GitHub\",\"url\": \"https://github.com/search?utf8=✓&q=%s\",\"match\": \"https://github\\\\.com/search\\\\?.*[&?]q=\"},{\"name\": \"w3c\",\"url\": \"http://www.runoob.com/?s=%s\"},{\"name\": \"GreasyFork\",\"url\": \"https://greasyfork.org/zh-CN/scripts?q=%s&utf8=✓\",\"icon\": \"https://greasyfork.org/packs/media/images/blacklogo96-b2384000fca45aa17e45eb417cbcbb59.png\"}]},{\"type\": \"Github\",\"icon\": \"fa-brands fa-github\",\"match\": \"github\\\\.com\",\"selectLink\": true,\"selectPage\": true,\"openInNewTab\": true,\"sites\": [{\"name\": \"页面镜像 - Fastgit\",\"url\": \"%u.replace(/https:\\\\/\\\\/github\\\\.com/,\\\"https://hub.fastgit.xyz\\\")\",\"match\": \"https:\\\\/\\\\/github\\\\.com\",\"hideNotMatch\": true},{\"name\": \"Raw镜像 - Fastgit\",\"url\": \"%u.replace(/raw\\\\.githubusercontent\\\\.com/,\\\"raw.fastgit.org\\\").replace(/github.com(.*)\\\\/blob\\\\/(.*)/,\\\"raw.fastgit.org$1/$2\\\")\",\"match\": \"github.com.*\\\\/blob\\\\/\",\"hideNotMatch\": true},{\"name\": \"Assets镜像 - Fastgit\",\"url\": \"%u.replace(/github\\\\.githubassets\\\\.com/,\\\"assets.fastgit.orgz\\\")\",\"match\": \"github\\\\.githubassets\\\\.com\",\"hideNotMatch\": true},{\"name\": \"Download镜像- Fastgit\",\"url\": \"%u.replace(/github\\\\.com(.*\\\\/download\\\\/)/,\\\"download.fastgit.org$1\\\")\",\"match\": \"github\\\\.com.*\\\\/download\\\\/\",\"hideNotMatch\": true},{\"name\": \"Archive镜像- Fastgit\",\"url\": \"%u.replace(/github\\\\.com(.*\\\\/archive\\\\/)/,\\\"download.fastgit.org$1\\\")\",\"match\": \"github\\\\.com.*\\\\/archive\\\\/\",\"hideNotMatch\": true},{\"name\": \"Ghproxy镜像加速\",\"url\": \"https://ghproxy.com/%u\"}]},{\"type\": \"划词搜索\",\"icon\": \"sitemap\",\"selectTxt\": true,\"openInNewTab\": true,\"sites\": [{\"name\": \"知乎-划词搜索\",\"url\": \"[\\\"知乎\\\"]\"},{\"name\": \"bilibili-划词搜索\",\"url\": \"[\\\"bilibili\\\"]\"},{\"name\": \"百度 \",\"url\": \"[\\\"百度\\\"]\"},{\"name\": \"必应站内搜\",\"url\": \"https://www.bing.com/search?q=%s%20site%3A%h\"},{\"name\": \"Google \",\"url\": \"[\\\"Google\\\"]\"},{\"name\": \"📄  复制\",\"url\": \"c:%sr\",\"nobatch\": true},{\"name\": \"🔗  打开文字链接\",\"url\": \"%sr.replace(/(点|。)/g,\\\".\\\").replace(/[^ \\\\w\\\\-_\\\\.~!\\\\*'\\\\(\\\\);:@&=\\\\+\\\\$,\\\\/\\\\?#\\\\[\\\\]%]/g,\\\"\\\").replace(/.*(1[a-z0-9]{22,}).*?\\\\b([a-z0-9]{4}\\\\b|$).*/i,\\\"https://pan.baidu.com/s/$1?pwd=$2\\\").replace(/ /g,\\\"\\\").replace(/^/,\\\"http://\\\").replace(/^http:\\\\/\\\\/(https?:)/,\\\"$1\\\")\",\"kwFilter\": \"\\\\w.*[\\\\.点。].*\\\\w|1[a-zA-Z0-9]{22,}\",\"description\": \"支持类似“pan点baidu。com😄河蟹”以及“1bP23pzUpIV4CMuoMjOfxFA提取码:prt4”的分享链接\",\"nobatch\": true},{\"name\": \"谷歌站内搜\",\"url\": \"https://www.google.com/search?q=%s%20site%3A%h&ie=utf-8&oe=utf-8\"},{\"name\": \"头条站内搜\",\"url\": \"https://so.toutiao.com/search/?dvpf=%c&keyword=%s%20site%3A%h\"},{\"name\": \"百度站内搜\",\"url\": \"https://www.baidu.com/s?wd=%s%20site%3A%h&ie=utf-8\"},{\"name\": \"360站内搜\",\"url\": \"https://www.so.com/s?ie=utf-8&q=%s%20site%3A%h\"},{\"name\": \"搜狗站内搜\",\"url\": \"https://www.sogou.com/web?query=%s%20site%3A%h\"},{\"name\": \"猫狸盘搜-划词搜索\",\"url\": \"[\\\"猫狸盘搜\\\"]\"},{\"name\": \"大力盘-划词搜索\",\"url\": \"[\\\"大力盘\\\"]\"},{\"name\": \"大圣盘-划词搜索\",\"url\": \"[\\\"大圣盘\\\"]\"},{\"name\": \"百度网盘-划词搜索\",\"url\": \"[\\\"百度网盘\\\"]\"}]}],\"prefConfig\": {\"position\": {\"x\": \"left\",\"y\": \"top\"},\"offset\": {\"x\": \"0\",\"y\": \"0\"},\"openInNewTab\": false,\"enableInPage\": true,\"altKey\": false,\"ctrlKey\": true,\"shiftKey\": false,\"metaKey\": false,\"autoClose\": false,\"autoDelay\": 1000,\"shortcut\": true,\"initShow\": false,\"alwaysShow\": false,\"customSize\": 100,\"typeOpenTime\": 250,\"longPressTime\": 500,\"noIcons\": false,\"showSiteLists\": true,\"alwaysShowSiteLists\": false,\"cacheSwitch\": false,\"noAni\": false,\"quickAddRule\": true,\"multiline\": 2,\"multilineGap\": 1000,\"historyLength\": 0,\"dragToSearch\": true,\"hideDragHistory\": false,\"sortType\": false,\"autoHide\": false,\"autoHideAll\": false,\"showCurrent\": true,\"shortcutKey\": \"Backquote\",\"showInSearchEngine\": false,\"showInSearchJumpPage\": true,\"limitInPageLen\": 1,\"limitPopupLen\": 1,\"ignoreWords\": [\"a\",\"in\",\"into\",\"the\",\"to\",\"on\",\"among\",\"between\",\"and\",\"an\",\"of\",\"by\",\"with\",\"about\",\"under\",\"or\",\"at\",\"as\"],\"inPageRule\": {},\"firstFiveWordsColor\": [],\"inPageWordsStyles\": [],\"altToHighlight\": true,\"defaultPicker\": false,\"disableInputOnWords\": false,\"callBarAlt\": false,\"callBarCtrl\": false,\"callBarShift\": false,\"callBarMeta\": false,\"defaultFindTab\": false,\"disableAutoOpen\": false,\"hideOnSearchEngine\": false,\"minSizeMode\": false,\"hidePopup\": false,\"minPopup\": 0,\"selectToShow\": true,\"expandType\": false,\"rightMouse\": true,\"shiftLastUsedType\": true,\"mouseLeaveToHide\": true,\"currentTypeFirst\": true,\"switchSitesPreKey\": \"ArrowLeft\",\"switchSitesNextKey\": \"ArrowRight\",\"switchSitesCtrl\": true,\"switchSitesAlt\": false,\"switchSitesShift\": true,\"switchSitesMeta\": false,\"suggestType\": \"baidu\",\"leftMouse\": false,\"batchOpenConfirm\": 0,\"dragCtrl\": false,\"dragAlt\": false,\"dragShift\": false,\"dragMeta\": false,\"expandTypeLength\": 12,\"lang\": \"0\",\"cssText\": \"\"},\"lastModified\": 1681689324212}","cacheKeywords":"swindows镜像","referrer":"swww.baidu.com","historyType":"s搜索","historySites":"o[\"百度\",\"bilibili\"]"}}