{"options":{"check_for_updates":true,"comment":null,"compatopts_for_requires":true,"compat_wrappedjsobject":false,"compat_metadata":false,"compat_foreach":false,"compat_powerful_this":null,"sandbox":null,"noframes":null,"unwrap":null,"run_at":null,"tab_types":null,"override":{"use_includes":[],"orig_includes":[],"merge_includes":true,"use_matches":[],"orig_matches":["*://*/*"],"merge_matches":true,"use_excludes":[],"orig_excludes":["*www.bilibili.com/video*","*www.bilibili.com/v*","*www.bilibili.com/s/*","*www.bilibili.com/bangumi*","https://www.bilibili.com/medialist/play/*","*www.youtube.com/watch*","*www.panda.tv*","*www.github.com*","https://lanhuapp.com/*","https://www.douyu.com/*","https://www.zhihu.com/signin?*","https://tieba.baidu.com/*","https://v.qq.com/*","*.taobao.com/*","*tmall.com*","*signin*"],"merge_excludes":true,"use_connects":[],"orig_connects":["eemm.me"],"merge_connects":true,"use_blockers":[],"orig_run_at":"document-start","orig_noframes":null}},"settings":{"enabled":true,"position":7},"meta":{"name":"网页限制解除(改)","uuid":"7db5f9e4-7ee0-404a-8d95-9456663a0d62","modified":1678339194261,"file_url":"https://greasyfork.org/scripts/28497-%E7%BD%91%E9%A1%B5%E9%99%90%E5%88%B6%E8%A7%A3%E9%99%A4-%E6%94%B9/code/Remove%20web%20limits(modified).user.js"}}