{"options":{"check_for_updates":true,"comment":null,"compatopts_for_requires":true,"compat_wrappedjsobject":false,"compat_metadata":false,"compat_foreach":false,"compat_powerful_this":null,"sandbox":null,"noframes":null,"unwrap":null,"run_at":null,"tab_types":null,"override":{"use_includes":[],"orig_includes":["*://tieba.baidu.com/*","*://dq.tieba.com/*","*://jump2.bdimg.com/*","*://jump.bdimg.com/*"],"merge_includes":true,"use_matches":[],"orig_matches":[],"merge_matches":true,"use_excludes":[],"orig_excludes":["*://tieba.baidu.com/f/fdir*"],"merge_excludes":true,"use_connects":[],"orig_connects":[],"merge_connects":true,"use_blockers":[],"orig_run_at":"document-body","orig_noframes":null}},"settings":{"enabled":true,"position":10},"meta":{"name":"贴吧精简","uuid":"3eff3cbd-8b35-4b6b-b5f7-e8177bfed9c7","modified":1680316451954}}