{"options":{"check_for_updates":true,"comment":null,"compatopts_for_requires":true,"compat_wrappedjsobject":false,"compat_metadata":false,"compat_foreach":false,"compat_powerful_this":null,"sandbox":null,"noframes":null,"unwrap":null,"run_at":null,"tab_types":null,"override":{"use_includes":[],"orig_includes":[],"merge_includes":true,"use_matches":[],"orig_matches":["http://*/*","https://*/*"],"merge_matches":true,"use_excludes":[],"orig_excludes":[],"merge_excludes":true,"use_connects":[],"orig_connects":[],"merge_connects":true,"use_blockers":[],"orig_run_at":"document-end","orig_noframes":null}},"settings":{"enabled":true,"position":3},"meta":{"name":"🔥🔥🔥文本选中复制(通用)🔥🔥🔥","uuid":"30acdf9b-349f-4301-bf7c-c7f4f48fc8a5","modified":1678339142275,"file_url":"https://greasyfork.org/scripts/439557-%E6%96%87%E6%9C%AC%E9%80%89%E4%B8%AD%E5%A4%8D%E5%88%B6-%E9%80%9A%E7%94%A8/code/%F0%9F%94%A5%F0%9F%94%A5%F0%9F%94%A5%E6%96%87%E6%9C%AC%E9%80%89%E4%B8%AD%E5%A4%8D%E5%88%B6(%E9%80%9A%E7%94%A8)%F0%9F%94%A5%F0%9F%94%A5%F0%9F%94%A5.user.js"}}