{"options":{"check_for_updates":true,"comment":null,"compatopts_for_requires":true,"compat_wrappedjsobject":false,"compat_metadata":false,"compat_foreach":false,"compat_powerful_this":null,"sandbox":null,"noframes":null,"unwrap":null,"run_at":null,"tab_types":null,"override":{"use_includes":[],"orig_includes":[],"merge_includes":true,"use_matches":[],"orig_matches":["https://www.zhihu.com/signin?next=%2F"],"merge_matches":true,"use_excludes":[],"orig_excludes":[],"merge_excludes":true,"use_connects":[],"orig_connects":[],"merge_connects":true,"use_blockers":[],"orig_run_at":"document-idle","orig_noframes":null}},"settings":{"enabled":true,"position":9},"meta":{"name":"fuck 知乎登录页","uuid":"b41afd80-0928-42a4-a5eb-0c58330df3c8","modified":1678339278461,"file_url":"https://sleazyfork.org/scripts/412506-%E7%9F%A5%E4%B9%8E%E7%99%BB%E5%BD%95%E9%A1%B5/code/fuck%20%E7%9F%A5%E4%B9%8E%E7%99%BB%E5%BD%95%E9%A1%B5.user.js"}}