{"options":{"check_for_updates":true,"comment":null,"compatopts_for_requires":true,"compat_wrappedjsobject":false,"compat_metadata":false,"compat_foreach":false,"compat_powerful_this":null,"sandbox":"JavaScript","noframes":null,"unwrap":null,"run_at":null,"tab_types":null,"override":{"use_includes":[],"orig_includes":[],"merge_includes":true,"use_matches":[],"orig_matches":["*://github.com/*","*://kgithub.com/*","*://hub.fgit.ml/*","*://hub.fgit.gq/*"],"merge_matches":true,"use_excludes":[],"orig_excludes":[],"merge_excludes":true,"use_connects":[],"orig_connects":[],"merge_connects":true,"use_blockers":[],"orig_run_at":"document-end","orig_noframes":null}},"settings":{"enabled":true,"position":5},"meta":{"name":"Github 增强 - 高速下载","uuid":"7ee9c4c6-4309-4091-b9a5-8b584e27f034","modified":1679395818146,"file_url":"https://greasyfork.org/scripts/412245-github-%E5%A2%9E%E5%BC%BA-%E9%AB%98%E9%80%9F%E4%B8%8B%E8%BD%BD/code/Github%20%E5%A2%9E%E5%BC%BA%20-%20%E9%AB%98%E9%80%9F%E4%B8%8B%E8%BD%BD.user.js"}}