{"options":{"check_for_updates":true,"comment":null,"compatopts_for_requires":true,"compat_wrappedjsobject":false,"compat_metadata":false,"compat_foreach":false,"compat_powerful_this":null,"sandbox":null,"noframes":null,"unwrap":null,"run_at":null,"tab_types":null,"override":{"use_includes":[],"orig_includes":[],"merge_includes":true,"use_matches":[],"orig_matches":["https://blog.csdn.net/*"],"merge_matches":true,"use_excludes":[],"orig_excludes":[],"merge_excludes":true,"use_connects":[],"orig_connects":[],"merge_connects":true,"use_blockers":[],"orig_run_at":"document-idle","orig_noframes":null}},"settings":{"enabled":true,"position":8},"meta":{"name":"去除CSDN需要关注才能展开看到下面文章","uuid":"f5469445-f051-41a3-989d-b5ac7503e1fa","modified":1678339262337,"file_url":"https://sleazyfork.org/scripts/460076-%E5%8E%BB%E9%99%A4csdn%E9%9C%80%E8%A6%81%E5%85%B3%E6%B3%A8%E6%89%8D%E8%83%BD%E5%B1%95%E5%BC%80%E7%9C%8B%E5%88%B0%E4%B8%8B%E9%9D%A2%E6%96%87%E7%AB%A0/code/%E5%8E%BB%E9%99%A4CSDN%E9%9C%80%E8%A6%81%E5%85%B3%E6%B3%A8%E6%89%8D%E8%83%BD%E5%B1%95%E5%BC%80%E7%9C%8B%E5%88%B0%E4%B8%8B%E9%9D%A2%E6%96%87%E7%AB%A0.user.js"}}