{"options":{"check_for_updates":true,"comment":null,"compatopts_for_requires":true,"compat_wrappedjsobject":false,"compat_metadata":false,"compat_foreach":false,"compat_powerful_this":null,"sandbox":null,"noframes":null,"unwrap":null,"run_at":null,"tab_types":null,"override":{"use_includes":[],"orig_includes":[],"merge_includes":true,"use_matches":[],"orig_matches":["https://www.zhihu.com/*"],"merge_matches":true,"use_excludes":[],"orig_excludes":[],"merge_excludes":true,"use_connects":[],"orig_connects":[],"merge_connects":true,"use_blockers":[],"orig_run_at":"document-idle","orig_noframes":null}},"settings":{"enabled":false,"position":10},"meta":{"name":"去除知乎登陆弹窗 remove stupid login window on zhihu.com","uuid":"2105b5c9-324d-49a5-9729-8968ac44ad72","modified":1678339288729,"file_url":"https://greasyfork.org/scripts/402655-%E5%8E%BB%E9%99%A4%E7%9F%A5%E4%B9%8E%E7%99%BB%E9%99%86%E5%BC%B9%E7%AA%97-remove-stupid-login-window-on-zhihu-com/code/%E5%8E%BB%E9%99%A4%E7%9F%A5%E4%B9%8E%E7%99%BB%E9%99%86%E5%BC%B9%E7%AA%97%20remove%20stupid%20login%20window%20on%20zhihucom.user.js"}}