{"options":{"check_for_updates":true,"comment":null,"compatopts_for_requires":true,"compat_wrappedjsobject":false,"compat_metadata":false,"compat_foreach":false,"compat_powerful_this":null,"sandbox":null,"noframes":null,"unwrap":null,"run_at":null,"tab_types":null,"override":{"use_includes":[],"orig_includes":[],"merge_includes":true,"use_matches":[],"orig_matches":["*://*.csdn.net/*","*://*.jianshu.com/*","*://juejin.cn/*","*://*.zhihu.com/*","*://tieba.baidu.com/*","*://baijiahao.baidu.com/s*","*://mbd.baidu.com/newspage/data/*","*://news.baidu.com/news*","*://m.baidu.com/sf_baijiahao/*","*://view.inews.qq.com/*","*://m.v.qq.com/*","*://*.youku.com/*","*://*.iqiyi.com/*","*://haokan.baidu.com/*","*://m.baidu.com/*","*://*.bilibili.com/*","*://3g.dxy.cn/*","*://www.cn-healthcare.com/*","*://*.sina.cn/*","*://m.weibo.cn/*","*://wap.eastmoney.com/*","*://mguba.eastmoney.com/*","*://*.ixigua.com/*","*://www.douyin.com/*","*://m.elecfans.com/*","*://app.people.cn/*","*://m.bjnews.com.cn/detail/*","*://*.guancha.cn/*","*://m.thepaper.cn/newsDetail_forward*","*://*.ifeng.com/*","*://m.163.com/*/article/*","*://m.163.com/v/video/*","*://3g.163.com/*/article/*","*://3g.163.com/v/video/*","*://m.huxiu.com/*","*://m.hupu.com/*","*://m.douban.com/movie/subject/*","*://g.pconline.com.cn/*","*://m.zol.com.cn/*","*://wap.zol.com.cn/*","*://www.autohome.com.cn/*","*://*.m.autohome.com.cn/*","*://m.autohome.com.cn/*","*://m.pcauto.com.cn/*","*://www.taptap.cn/*","*://m.taptap.cn/*","*://m.ithome.com/*","*://www.360doc.com/content/*","*://www.oschina.net/*","*://developer.aliyun.com/article/*","*://m.36kr.com/p/*","*://xueqiu.com/*","*://m.tianyancha.com/*","*://www.xiaohongshu.com/*","*://wap.cnki.net/*","*://www.zfrontier.com/*"],"merge_matches":true,"use_excludes":[],"orig_excludes":["*://www.zhihu.com/signin*"],"merge_excludes":true,"use_connects":[],"orig_connects":[],"merge_connects":true,"use_blockers":[],"orig_run_at":"document-body","orig_noframes":null}},"settings":{"enabled":true,"position":7},"meta":{"name":"骚扰拦截","uuid":"d6cd71b1-6086-4aa3-8136-eba68636d282","modified":1679903426168,"file_url":"https://greasyfork.org/scripts/440871-%E9%AA%9A%E6%89%B0%E6%8B%A6%E6%88%AA/code/%E9%AA%9A%E6%89%B0%E6%8B%A6%E6%88%AA.user.js"}}